algorithm,snr_db,agent_rate_mean,agent_rate_std,oracle_rate_mean,gap_mean,agent_ber_mean
DQN,-10,0.048330084217504315,,0.08236674506110925,0.03403666084360493,0.4027022698884686
DQN,-5,0.18364830824758313,,0.2542473808640515,0.07059907261646839,0.3077048675271353
DQN,0,0.5027486432973761,,0.708214708076502,0.20546606477912588,0.19151237154766002
DQN,5,0.9659868693162942,,1.5202898255255126,0.5543029562092184,0.10281764122489492
DQN,10,2.0616728515040363,,2.805952104892417,0.7442792533883806,0.0381986054430999
DQN,15,3.0668388612393023,,4.374703028046275,1.3078641668069726,0.009393354130276465
DQN,20,4.782105921792538,,5.8774382428375604,1.0953323210450225,0.00011496256088478268
Double DQN,-10,0.039154725755743996,,0.08236674506110925,0.04321201930536525,0.4129085919348778
Double DQN,-5,0.16929713850429393,,0.2542473808640515,0.0849502423597576,0.3215795309296963
Double DQN,0,0.4224767109499485,,0.708214708076502,0.2857379971265535,0.2235993758759688
Double DQN,5,0.8866709118999203,,1.5202898255255126,0.6336189136255923,0.11732604908593239
Double DQN,10,2.0126942111110977,,2.805952104892417,0.7932578937813193,0.037526079159234935
Double DQN,15,3.01221009106807,,4.374703028046275,1.3624929369782048,0.022504379544623
Double DQN,20,4.6279096826674975,,5.8774382428375604,1.249528560170063,0.0003316372321081514
Dueling DQN,-10,0.0570574029604647,,0.08236674506110925,0.025309342100644547,0.39124553864285
Dueling DQN,-5,0.155709118902353,,0.2542473808640515,0.09853826196169851,0.3250276359813313
Dueling DQN,0,0.43944966232994614,,0.708214708076502,0.26876504574655585,0.21072066266782916
Dueling DQN,5,1.0096020713234222,,1.5202898255255126,0.5106877542020904,0.09712143437855156
Dueling DQN,10,2.324149710423143,,2.805952104892417,0.4818023944692742,0.008809358710410112
Dueling DQN,15,3.241223550636224,,4.374703028046275,1.133479477410051,0.007987473641704301
Dueling DQN,20,4.9840204365813126,,5.8774382428375604,0.8934178062562479,0.0030099850379646186
