seed,algorithm,snr_db,agent_rate,oracle_rate,agent_ber,oracle_ber,gap_bpshz
42,DQN,-10,0.048330084217504315,0.08236674506110925,0.4027022698884686,0.3664460710713096,0.03403666084360493
42,DQN,-5,0.18364830824758313,0.2542473808640515,0.3077048675271353,0.26804752043983365,0.07059907261646839
42,DQN,0,0.5027486432973761,0.708214708076502,0.19151237154766002,0.13105837075556834,0.20546606477912588
42,DQN,5,0.9659868693162942,1.5202898255255126,0.10281764122489492,0.029352886525898864,0.5543029562092184
42,DQN,10,2.0616728515040363,2.805952104892417,0.0381986054430999,0.0005379107864253594,0.7442792533883806
42,DQN,15,3.0668388612393023,4.374703028046275,0.009393354130276465,5.0295920742558775e-08,1.3078641668069726
42,DQN,20,4.782105921792538,5.8774382428375604,0.00011496256088478268,2.9129008632210663e-18,1.0953323210450225
42,Double DQN,-10,0.039154725755743996,0.08236674506110925,0.4129085919348778,0.3664460710713096,0.04321201930536525
42,Double DQN,-5,0.16929713850429393,0.2542473808640515,0.3215795309296963,0.26804752043983365,0.0849502423597576
42,Double DQN,0,0.4224767109499485,0.708214708076502,0.2235993758759688,0.13105837075556834,0.2857379971265535
42,Double DQN,5,0.8866709118999203,1.5202898255255126,0.11732604908593239,0.029352886525898864,0.6336189136255923
42,Double DQN,10,2.0126942111110977,2.805952104892417,0.037526079159234935,0.0005379107864253594,0.7932578937813193
42,Double DQN,15,3.01221009106807,4.374703028046275,0.022504379544623,5.0295920742558775e-08,1.3624929369782048
42,Double DQN,20,4.6279096826674975,5.8774382428375604,0.0003316372321081514,2.9129008632210663e-18,1.249528560170063
42,Dueling DQN,-10,0.0570574029604647,0.08236674506110925,0.39124553864285,0.3664460710713096,0.025309342100644547
42,Dueling DQN,-5,0.155709118902353,0.2542473808640515,0.3250276359813313,0.26804752043983365,0.09853826196169851
42,Dueling DQN,0,0.43944966232994614,0.708214708076502,0.21072066266782916,0.13105837075556834,0.26876504574655585
42,Dueling DQN,5,1.0096020713234222,1.5202898255255126,0.09712143437855156,0.029352886525898864,0.5106877542020904
42,Dueling DQN,10,2.324149710423143,2.805952104892417,0.008809358710410112,0.0005379107864253594,0.4818023944692742
42,Dueling DQN,15,3.241223550636224,4.374703028046275,0.007987473641704301,5.0295920742558775e-08,1.133479477410051
42,Dueling DQN,20,4.9840204365813126,5.8774382428375604,0.0030099850379646186,2.9129008632210663e-18,0.8934178062562479
