seed,algorithm,episode,reward,rate,mean_rate,ber,capacity_mbps,epsilon,loss
42,DQN,1,33.26325796448376,0.9429768121703935,1.6631628982241882,0.09000188036130652,16.631628982241885,1.0,
42,DQN,2,27.91135848764639,1.1292839864131574,1.3955679243823196,0.07484338208353505,13.955679243823194,0.9558895783575597,1.1748830080032349
42,DQN,3,25.99980571305015,0.6262622092306251,1.2999902856525076,0.10929158483794502,12.999902856525074,0.8647077305675338,0.9736916422843933
42,DQN,4,27.567047217697986,0.8220600693985152,1.3783523608848993,0.07572565909260746,13.783523608848991,0.7822236754458713,0.6912298202514648
42,DQN,5,28.27385126099121,1.1988570521384136,1.413692563049561,0.053288229324424986,14.136925630495611,0.7076077347272662,0.40449056029319763
42,DQN,6,35.63734288022261,1.866780972716317,1.7818671440111309,0.01902280279293172,17.818671440111306,0.6401093727576664,0.33476734161376953
42,DQN,7,41.69739376302301,2.740734783322775,2.0848696881511506,0.040769097564907056,20.848696881511515,0.5790496471185967,0.24661363661289215
42,DQN,8,29.784416158952055,1.485126051607544,1.4892208079476028,0.043359400160115046,14.89220807947603,0.5238143793828016,0.1594267040491104
42,DQN,9,38.541029192966775,0.864853837154876,1.9270514596483388,0.020988825949762098,19.270514596483387,0.4738479773082268,0.18412086367607117
42,DQN,10,37.561071485710876,2.936475610061742,1.8780535742855438,0.03747801633080497,18.780535742855438,0.4286478463299511,0.19333049654960632
42,DQN,11,3.453494127920615,0.09388755240988814,0.17267470639603075,0.366897104164642,1.7267470639603075,0.3877593341372176,0.19135905802249908
42,DQN,12,29.657367211392184,1.3110932974776546,1.4828683605696091,0.042787690006466775,14.82868360569609,0.3507711574848344,0.34040021896362305
42,DQN,13,39.83875578238648,2.1939924312958676,1.9919377891193242,0.022397343479451225,19.919377891193243,0.3173112652388396,0.23346997797489166
42,DQN,14,25.645474542106374,1.4593662894510244,1.2822737271053186,0.08555901613674317,12.822737271053185,0.28704309604425327,0.15647700428962708
42,DQN,15,28.450930619527806,1.4492197968513947,1.4225465309763903,0.05334796210302225,14.2254653097639,0.25966219297210513,0.18972325325012207
42,DQN,16,28.790431891961763,2.186408061841022,1.439521594598088,0.05419659972727362,14.395215945980883,0.23489314109365644,0.14326581358909607
42,DQN,17,37.26181744706764,2.0919717696493327,1.8630908723533826,0.027741982123838764,18.63090872353382,0.21248679717794605,0.10336081683635712
42,DQN,18,37.66923905799821,1.6626677408828965,1.8834619528999101,0.02736352668423796,18.834619528999106,0.192217783647157,0.12313862890005112
42,DQN,19,22.063706577015406,1.9302828147635593,1.1031853288507703,0.11575027417836214,11.031853288507705,0.17388222158237718,0.14760221540927887
42,DQN,20,12.512156986549211,0.2615033025289274,0.6256078493274605,0.19829144690454675,6.256078493274605,0.1572956799768517,0.10466290265321732
42,DQN,21,36.27915554088871,2.7681729784785665,1.8139577770444357,0.03358072014646308,18.139577770444358,0.14229132060898236,0.16555309295654297
42,DQN,22,36.9896491385294,2.189185383722218,1.84948245692647,0.014223600201212638,18.4948245692647,0.12871821987500112,0.511049211025238
42,DQN,23,42.02946662014212,1.7857999504022295,2.1014733310071056,0.013761071284539798,21.01473331007106,0.11643985070121858,0.20725303888320923
42,DQN,24,9.70304540282978,0.21325130404012532,0.4851522701414889,0.23551035951511134,4.85152270141489,0.10533270926593409,0.10672394186258316
42,DQN,25,36.47463471245042,1.7569953613009561,1.8237317356225209,0.01254988408944678,18.23731735622521,0.09528507271768329,0.13816165924072266
42,DQN,26,44.895374362151195,2.589568641518448,2.2447687181075597,0.011769774380690892,22.447687181075597,0.08619587539414532,0.04968642443418503
42,DQN,27,53.55849625576668,2.855454186864646,2.677924812788334,0.002756219428670332,26.779248127883335,0.07797369223798889,0.12565582990646362
42,DQN,28,35.27812361417795,1.7409207668044648,1.7639061807088978,0.025617645867166323,17.639061807088975,0.07053581918419231,0.1450556218624115
42,DQN,29,17.552376205401632,0.2638345244722245,0.8776188102700816,0.12688095637742303,8.776188102700818,0.06380744126877576,0.06939204037189484
42,DQN,30,50.60152972997388,3.0642551182151245,2.530076486498694,0.01403069243127979,25.300764864986938,0.05772088009124167,0.11271136999130249
42,DQN,31,21.780683894378758,0.9025308051490646,1.0890341947189381,0.1290966329065252,10.890341947189379,0.052214913061211746,0.04455587640404701
42,DQN,32,48.337507002290586,2.614016737629803,2.4168753501145286,0.01253192636277343,24.16875350114529,0.047234157581800176,0.29128217697143555
42,DQN,33,28.14169765652478,1.4993787756440706,1.407084882826239,0.0674726729001979,14.07084882826239,0.04272851397543923,0.17808330059051514
42,DQN,34,45.401470837749024,2.1946248196170317,2.2700735418874514,0.0035124075991042588,22.700735418874512,0.0386526615487428,0.08640861511230469
42,DQN,35,28.04247288320903,1.635197915955406,1.4021236441604517,0.03842161372869294,14.021236441604515,0.03496560272750046,0.19503623247146606
42,DQN,36,45.60288720884577,2.0394176352724322,2.2801443604422884,0.03116488070431675,22.801443604422882,0.03163025067641567,0.08978172391653061
42,DQN,37,21.5229835652965,0.6176078600904771,1.076149178264825,0.08635745230213254,10.76149178264825,0.02861305625559891,0.045037947595119476
42,DQN,38,31.97016320778809,1.4261609899879244,1.5985081603894042,0.02460897308178128,15.985081603894042,0.025883670561501974,0.09323336184024811
42,DQN,39,60.163621442783736,3.0921039074639025,3.0081810721391866,0.00012123252950073542,30.081810721391868,0.023414639657910272,0.14139892160892487
42,DQN,40,38.88159196873616,2.26777655457324,1.944079598436808,0.01005079343386802,19.440795984368084,0.021181128426399323,0.15696099400520325
42,DQN,41,44.43878933040691,2.0590961909624563,2.221939466520346,0.004093723201082884,22.219394665203453,0.019160670758563442,0.11345513164997101
42,DQN,42,38.598804767080225,2.4979007171023127,1.9299402383540112,0.01819007674369988,19.29940238354011,0.017332943577287888,0.26278021931648254
42,DQN,43,19.106474480718965,0.824868342597573,0.9553237240359485,0.09786895452140668,9.553237240359486,0.01567956241402325,0.12642794847488403
42,DQN,44,29.425551702217547,1.5125633724860355,1.4712775851108773,0.030980840885356263,14.712775851108773,0.014183896485845416,0.0785614550113678
42,DQN,45,57.01870147558023,3.100051659043066,2.8509350737790116,0.00024140285848637126,28.50935073779011,0.01283090141222608,0.0753827840089798
42,DQN,46,55.19751490097149,2.6209250517407807,2.759875745048574,0.0003716507698778846,27.59875745048574,0.011606967888870102,0.10747323930263519
42,DQN,47,54.021933170013185,2.795595786668855,2.701096658500659,0.0005137945101885705,27.010966585006592,0.010499784796482848,0.09898817539215088
42,DQN,48,29.70071348315752,2.500003436928169,1.485035674157876,0.05536685880689579,14.85035674157876,0.01,0.11255528032779694
42,DQN,49,43.42040238725571,2.7471988449476896,2.171020119362786,0.018734743881827588,21.710201193627856,0.01,0.11903136968612671
42,DQN,50,16.954454529522785,0.8938967203609142,0.8477227264761392,0.10837491511854455,8.477227264761392,0.01,0.07316683232784271
42,DQN,51,17.176021206343524,0.4683553360775579,0.8588010603171764,0.12212865347862764,8.588010603171764,0.01,0.06112484261393547
42,DQN,52,33.284484614490474,0.9225094913059875,1.6642242307245234,0.05194478895693526,16.642242307245237,0.01,0.24972985684871674
42,DQN,53,23.878863377454522,0.8809010011305055,1.193943168872726,0.08182521789243492,11.939431688727257,0.01,0.1331004947423935
42,DQN,54,58.17824737904407,3.023247411230003,2.908912368952204,0.0001888724916948756,29.089123689522033,0.01,0.09088847786188126
42,DQN,55,33.29823708638699,0.9589282735502667,1.6649118543193495,0.03337575534663115,16.649118543193502,0.01,0.10106659680604935
42,DQN,56,22.48107426303269,2.3929786462440537,1.1240537131516342,0.17654532194178316,11.240537131516344,0.01,0.16489213705062866
42,DQN,57,52.08623468132192,2.1878064215735042,2.6043117340660964,0.0010134599216155883,26.043117340660963,0.01,0.07903654128313065
42,DQN,58,52.6398348877225,2.302171052832683,2.631991744386125,0.0007345580412631877,26.319917443861243,0.01,0.0746573656797409
42,DQN,59,39.657106397154436,2.4785820232336553,1.9828553198577215,0.009960055664245281,19.828553198577218,0.01,0.10463904589414597
42,DQN,60,36.60131605816921,1.4751105429053253,1.8300658029084604,0.016362208655015916,18.30065802908461,0.01,0.06073005497455597
42,DQN,61,41.56556774269979,2.8579094122860496,2.078278387134989,0.03608649141054632,20.782783871349892,0.01,0.09307742118835449
42,DQN,62,34.108659546861084,2.01712600960326,1.705432977343054,0.02636588856263123,17.054329773430545,0.01,0.11335830390453339
42,DQN,63,18.50354724627362,0.3531789081847342,0.925177362313681,0.17061420375892253,9.251773623136808,0.01,0.10303003340959549
42,DQN,64,33.989022353828155,1.9319876841458972,1.6994511176914073,0.02184422915300664,16.994511176914074,0.01,0.15120065212249756
42,DQN,65,44.33348128032486,2.804269025611203,2.2166740640162432,0.01978445158906927,22.166740640162434,0.01,0.08793054521083832
42,DQN,66,54.21571354908574,2.587080025485996,2.710785677454287,0.0004641816348573143,27.107856774542874,0.01,0.08232970535755157
42,DQN,67,48.949148202072244,2.1141964999255,2.4474574101036124,0.0062171169249369326,24.474574101036122,0.01,0.16766357421875
42,DQN,68,25.135591320391633,2.5100394077850057,1.2567795660195817,0.09448352114842327,12.567795660195818,0.01,0.0705491304397583
42,DQN,69,49.80276138602582,2.369128218797664,2.490138069301291,0.0013681300902931974,24.901380693012907,0.01,0.12803243100643158
42,DQN,70,44.951371272635626,2.1695717257519016,2.2475685636317815,0.0032136845091946175,22.475685636317813,0.01,0.09715548902750015
42,DQN,71,56.112147277113905,2.7779928245090373,2.805607363855695,0.0002835980722026443,28.05607363855695,0.01,0.10788525640964508
42,DQN,72,47.708582669237515,2.2994193229173154,2.385429133461876,0.0021733909802187207,23.854291334618765,0.01,0.10340923815965652
42,DQN,73,42.652724738964174,1.982629448926981,2.132636236948209,0.005628978383214819,21.32636236948209,0.01,0.08431953191757202
42,DQN,74,40.78133918958567,1.9437070780885515,2.0390669594792836,0.01675262211336532,20.390669594792836,0.01,0.08369221538305283
42,DQN,75,35.638768760703215,2.3737737197510422,1.7819384380351608,0.022437408200942376,17.819384380351607,0.01,0.15553243458271027
42,DQN,76,20.392298479967618,0.9958386626780108,1.019614923998381,0.07999408683066545,10.196149239983809,0.01,0.14364150166511536
42,DQN,77,27.079449626432304,0.47469957610709906,1.3539724813216152,0.08154912656692423,13.53972481321615,0.01,0.20285795629024506
42,DQN,78,36.04710659573911,1.6084722599668244,1.802355329786955,0.014210544511167609,18.023553297869558,0.01,0.032678842544555664
42,DQN,79,42.50637730173031,0.14113137865646647,2.1253188650865154,0.025483208377095952,21.253188650865148,0.01,0.1157771646976471
42,DQN,80,12.674781406056375,0.2315700621770903,0.6337390703028187,0.16497978444053749,6.337390703028189,0.01,0.09715145081281662
42,DQN,81,14.753660548858534,2.002265596602847,0.7376830274429267,0.2505828697331226,7.376830274429267,0.01,0.10143355280160904
42,DQN,82,34.7543587405762,2.7618228924339165,1.73771793702881,0.0469116443948489,17.3771793702881,0.01,0.40551188588142395
42,DQN,83,41.39579284750178,2.6293509860528594,2.0697896423750892,0.01780185540057362,20.697896423750883,0.01,0.230122908949852
42,DQN,84,42.48520896156777,1.0908789835531658,2.1242604480783887,0.009982579116173469,21.24260448078388,0.01,0.07796837389469147
42,DQN,85,54.11107416720404,2.517645295313687,2.7055537083602017,0.0026036335221698913,27.05553708360202,0.01,0.10866721719503403
42,DQN,86,19.0358055325092,1.3152988126164133,0.95179027662546,0.11833203126329353,9.517902766254599,0.01,0.11687427014112473
42,DQN,87,46.52180727731771,2.4497150713518767,2.3260903638658856,0.002665472695094041,23.26090363865886,0.01,0.14538514614105225
42,DQN,88,22.122323745690622,1.3846401249017775,1.106116187284531,0.07585293031366089,11.061161872845313,0.01,0.188152015209198
42,DQN,89,49.61711980108612,2.687806295069062,2.4808559900543057,0.007331853009504551,24.808559900543052,0.01,0.10834680497646332
42,DQN,90,15.081614320343611,1.8346603051746855,0.7540807160171806,0.15452317086162884,7.540807160171807,0.01,0.10958355665206909
42,DQN,91,31.870273768189058,1.1831543744507274,1.5935136884094527,0.023688127032026877,15.935136884094524,0.01,0.12043498456478119
42,DQN,92,26.544534772532142,1.6841685464040532,1.3272267386266072,0.04444173412716701,13.272267386266071,0.01,0.17033594846725464
42,DQN,93,55.664302067326425,2.929633325755806,2.783215103366321,0.00034719938224272377,27.832151033663212,0.01,0.10445047169923782
42,DQN,94,18.735824212438565,2.87519977376598,0.9367912106219283,0.11742224500907247,9.367912106219283,0.01,0.1862064152956009
42,DQN,95,59.31134666477435,2.9277861240491627,2.965567333238717,0.00012155106592121642,29.655673332387163,0.01,0.13808679580688477
42,DQN,96,41.91891283276047,1.0298560072652634,2.0959456416380235,0.02540378123532729,20.95945641638023,0.01,0.13334856927394867
42,DQN,97,14.886255592206183,1.3001522593205241,0.7443127796103092,0.15562711808665436,7.4431277961030915,0.01,0.16184338927268982
42,DQN,98,49.125868412175706,1.7048451556944237,2.4562934206087847,0.002011917015167821,24.562934206087853,0.01,0.07372540235519409
42,DQN,99,45.7088243023198,2.0555342299998838,2.2854412151159904,0.0032610872644760146,22.8544121511599,0.01,0.11892812699079514
42,DQN,100,35.9166840235464,1.0553541792377452,1.79583420117732,0.026848130391160623,17.958342011773198,0.01,0.099829763174057
42,Double DQN,1,33.26325796448376,0.9429768121703935,1.6631628982241882,0.09000188036130652,16.631628982241885,1.0,
42,Double DQN,2,27.91135848764639,1.1292839864131574,1.3955679243823196,0.07484338208353505,13.955679243823194,0.9558895783575597,1.1708060503005981
42,Double DQN,3,25.99980571305015,0.6262622092306251,1.2999902856525076,0.10929158483794502,12.999902856525074,0.8647077305675338,0.9533144235610962
42,Double DQN,4,27.567047217697986,0.8220600693985152,1.3783523608848993,0.07572565909260746,13.783523608848991,0.7822236754458713,0.6657090187072754
42,Double DQN,5,28.27385126099121,1.1988570521384136,1.413692563049561,0.053288229324424986,14.136925630495611,0.7076077347272662,0.4001576006412506
42,Double DQN,6,35.63734288022261,1.866780972716317,1.7818671440111309,0.01902280279293172,17.818671440111306,0.6401093727576664,0.3301500976085663
42,Double DQN,7,41.69739376302301,2.740734783322775,2.0848696881511506,0.040769097564907056,20.848696881511515,0.5790496471185967,0.24829301238059998
42,Double DQN,8,29.784416158952055,1.485126051607544,1.4892208079476028,0.043359400160115046,14.89220807947603,0.5238143793828016,0.15984243154525757
42,Double DQN,9,38.541029192966775,0.864853837154876,1.9270514596483388,0.020988825949762098,19.270514596483387,0.4738479773082268,0.17993766069412231
42,Double DQN,10,37.561071485710876,2.936475610061742,1.8780535742855438,0.03747801633080497,18.780535742855438,0.4286478463299511,0.1884309947490692
42,Double DQN,11,3.453494127920615,0.09388755240988814,0.17267470639603075,0.366897104164642,1.7267470639603075,0.3877593341372176,0.18845242261886597
42,Double DQN,12,30.82092581286874,1.3110932974776546,1.5410462906434368,0.03690325296545231,15.410462906434367,0.3507711574848344,0.3536912202835083
42,Double DQN,13,41.08758825666613,2.1939924312958676,2.0543794128333066,0.021086654407167917,20.54379412833307,0.3173112652388396,0.26834049820899963
42,Double DQN,14,26.54812612523431,1.4593662894510244,1.3274063062617154,0.07721653758147491,13.274063062617154,0.28704309604425327,0.21948401629924774
42,Double DQN,15,28.450930619527806,1.4492197968513947,1.4225465309763903,0.05334796210302225,14.2254653097639,0.25966219297210513,0.17922067642211914
42,Double DQN,16,33.59895668049649,2.186408061841022,1.6799478340248246,0.034691444083992884,16.79947834024825,0.23489314109365644,0.16946233808994293
42,Double DQN,17,35.31537095753129,2.0919717696493327,1.765768547876565,0.022030750119709334,17.657685478765647,0.21248679717794605,0.13100449740886688
42,Double DQN,18,37.66923905799821,1.6626677408828965,1.8834619528999101,0.02736352668423796,18.834619528999106,0.192217783647157,0.1237754374742508
42,Double DQN,19,32.00134925514799,1.9302828147635593,1.6000674627573996,0.0549839150633427,16.000674627573996,0.17388222158237718,0.13569612801074982
42,Double DQN,20,12.512156986549211,0.2615033025289274,0.6256078493274605,0.19829144690454675,6.256078493274605,0.1572956799768517,0.134601891040802
42,Double DQN,21,48.98101716397373,2.7681729784785665,2.449050858198687,0.01697683752756129,24.490508581986873,0.14229132060898236,0.17088395357131958
42,Double DQN,22,36.39233334359126,2.189185383722218,1.819616667179563,0.018227796772848425,18.19616667179563,0.12871821987500112,0.471381276845932
42,Double DQN,23,43.62027795397626,1.7857999504022295,2.1810138976988123,0.012983698256424606,21.81013897698813,0.11643985070121858,0.20573776960372925
42,Double DQN,24,9.80773339725624,0.21325130404012532,0.490386669862812,0.2320698115430037,4.90386669862812,0.10533270926593409,0.11323826014995575
42,Double DQN,25,36.47463471245042,1.7569953613009561,1.8237317356225209,0.01254988408944678,18.23731735622521,0.09528507271768329,0.1435851901769638
42,Double DQN,26,48.1928480003669,2.7490906617519832,2.409642400018345,0.009619581094055297,24.096424000183454,0.08619587539414532,0.05299748480319977
42,Double DQN,27,43.72843268701544,2.3016888933477992,2.186421634350772,0.005587298514898039,21.864216343507724,0.07797369223798889,0.1256071776151657
42,Double DQN,28,42.475771925938716,2.370107391653252,2.123788596296936,0.013788926049036199,21.237885962969365,0.07053581918419231,0.15242549777030945
42,Double DQN,29,24.866058245104547,0.8037590945162141,1.2433029122552275,0.05397008432405435,12.433029122552277,0.06380744126877576,0.08772066235542297
42,Double DQN,30,30.97812019463482,1.4678668569263058,1.548906009731741,0.0300550350162992,15.48906009731741,0.05772088009124167,0.13718019425868988
42,Double DQN,31,21.433101501861806,1.59992205821629,1.0716550750930902,0.09945818763541148,10.716550750930903,0.052214913061211746,0.05134971812367439
42,Double DQN,32,46.77178621475984,1.86181156592564,2.338589310737992,0.013565287880672705,23.385893107379918,0.047234157581800176,0.2873692512512207
42,Double DQN,33,32.646620834855426,2.217750940563284,1.6323310417427712,0.05234321637962214,16.323310417427713,0.04272851397543923,0.16791900992393494
42,Double DQN,34,42.93496689462687,2.204164949928824,2.146748344731344,0.00647859849306597,21.46748344731344,0.0386526615487428,0.07491853088140488
42,Double DQN,35,29.805572896084293,1.635197915955406,1.490278644804215,0.031042956286092365,14.902786448042146,0.03496560272750046,0.17046736180782318
42,Double DQN,36,45.60288720884577,2.0394176352724322,2.2801443604422884,0.03116488070431675,22.801443604422882,0.03163025067641567,0.06405811756849289
42,Double DQN,37,20.399964192047904,1.3522575361083267,1.019998209602395,0.09107817120417631,10.199982096023952,0.02861305625559891,0.042849645018577576
42,Double DQN,38,31.84810014827604,1.4261609899879244,1.5924050074138016,0.024849127715965598,15.924050074138018,0.025883670561501974,0.08420130610466003
42,Double DQN,39,61.40459111911842,3.0921039074639025,3.070229555955921,6.146905695806696e-05,30.702295559559207,0.023414639657910272,0.12284214794635773
42,Double DQN,40,36.972045531007346,2.26777655457324,1.848602276550367,0.012245637497897907,18.486022765503673,0.021181128426399323,0.16372433304786682
42,Double DQN,41,44.43878933040691,2.0590961909624563,2.221939466520346,0.004093723201082884,22.219394665203453,0.019160670758563442,0.11422718316316605
42,Double DQN,42,17.93409034352126,0.897997178985912,0.8967045171760628,0.11117796304897613,8.967045171760628,0.017332943577287888,0.35877811908721924
42,Double DQN,43,20.123905019505422,0.824868342597573,1.0061952509752712,0.08496375501391962,10.061952509752716,0.01567956241402325,0.1725720912218094
42,Double DQN,44,42.71515588058685,1.9036091300599176,2.1357577940293426,0.009571393671040433,21.357577940293424,0.014183896485845416,0.09123149514198303
42,Double DQN,45,47.90730365985718,2.783514869085695,2.395365182992859,0.0022212412452321446,23.953651829928592,0.01283090141222608,0.07533130794763565
42,Double DQN,46,55.19751490097149,2.6209250517407807,2.759875745048574,0.0003716507698778846,27.59875745048574,0.011606967888870102,0.12297706305980682
42,Double DQN,47,52.560764385598425,2.568829922063659,2.628038219279922,0.0007795485914312801,26.280382192799216,0.010499784796482848,0.11922813951969147
42,Double DQN,48,27.601014272366815,1.9351555612228664,1.380050713618341,0.05801953836205424,13.800507136183409,0.01,0.12564274668693542
42,Double DQN,49,41.03337138375553,2.7471988449476896,2.0516685691877763,0.035574389437163643,20.516685691877765,0.01,0.1296074390411377
42,Double DQN,50,23.348290892828274,1.952194029964941,1.1674145446414137,0.08462970052100391,11.674145446414135,0.01,0.10072056949138641
42,Double DQN,51,28.63497591420005,0.4683553360775579,1.4317487957100026,0.09226368661359308,14.317487957100028,0.01,0.11001209914684296
42,Double DQN,52,36.58249508378908,0.601042373152221,1.8291247541894537,0.04786197700552476,18.291247541894542,0.01,0.22819054126739502
42,Double DQN,53,51.350278857600486,2.036526722077369,2.567513942880024,0.002597119123248153,25.675139428800243,0.01,0.1010669395327568
42,Double DQN,54,58.17824737904407,3.023247411230003,2.908912368952204,0.0001888724916948756,29.089123689522033,0.01,0.1632794588804245
42,Double DQN,55,36.81871787127194,0.9589282735502667,1.840935893563597,0.021556147949153708,18.40935893563597,0.01,0.12320736050605774
42,Double DQN,56,39.665283799280665,2.2634681324562047,1.9832641899640333,0.0725652377456815,19.832641899640333,0.01,0.1396225541830063
42,Double DQN,57,52.08623468132192,2.1878064215735042,2.6043117340660964,0.0010134599216155883,26.043117340660963,0.01,0.1389790028333664
42,Double DQN,58,52.66574202421629,2.328078189326474,2.6332871012108146,0.0007227026369803105,26.332871012108136,0.01,0.05054108425974846
42,Double DQN,59,39.657106397154436,2.4785820232336553,1.9828553198577215,0.009960055664245281,19.828553198577218,0.01,0.10983965545892715
42,Double DQN,60,40.26733512166237,1.4751105429053253,2.0133667560831183,0.011824415228362655,20.133667560831185,0.01,0.08454936742782593
42,Double DQN,61,17.968862041934344,0.6199550751092079,0.8984431020967172,0.10613644990321687,8.984431020967174,0.01,0.10691002756357193
42,Double DQN,62,49.28317976643001,2.517370617193269,2.4641589883215005,0.002942932030058518,24.641589883214998,0.01,0.1748729646205902
42,Double DQN,63,32.557858239974394,0.3531789081847342,1.6278929119987198,0.03808320375557771,16.2789291199872,0.01,0.09494220465421677
42,Double DQN,64,41.464755277200986,2.2553741336438664,2.073237763860049,0.007036786821703704,20.73237763860049,0.01,0.1949063539505005
42,Double DQN,65,32.18491485490007,2.489458325789023,1.6092457427450033,0.054687949381554635,16.092457427450032,0.01,0.08747346699237823
42,Double DQN,66,54.327681262176945,2.587080025485996,2.7163840631088467,0.00044401660179140825,27.16384063108847,0.01,0.07647192478179932
42,Double DQN,67,36.61811979269786,1.3622027353904944,1.8309059896348931,0.019360446404788005,18.309059896348934,0.01,0.1548428237438202
42,Double DQN,68,46.003210747936215,2.5100394077850057,2.3001605373968106,0.0032735201816684275,23.00160537396811,0.01,0.07918490469455719
42,Double DQN,69,43.98481704848267,1.6479772650647921,2.1992408524241336,0.007770757562128515,21.992408524241334,0.01,0.13442806899547577
42,Double DQN,70,44.951371272635626,2.1695717257519016,2.2475685636317815,0.0032136845091946175,22.475685636317813,0.01,0.1558634638786316
42,Double DQN,71,56.112147277113905,2.7779928245090373,2.805607363855695,0.0002835980722026443,28.05607363855695,0.01,0.11692174524068832
42,Double DQN,72,50.847936309248,2.589613752684695,2.542396815462401,0.0011245657147702394,25.423968154624,0.01,0.14373895525932312
42,Double DQN,73,32.21697821230017,2.1117903992046703,1.6108489106150086,0.05583148686549403,16.10848910615009,0.01,0.10033559054136276
42,Double DQN,74,21.03539993095161,2.863275463473804,1.0517699965475804,0.08557629840062483,10.517699965475803,0.01,0.11042002588510513
42,Double DQN,75,31.516570758760587,1.5741376900269495,1.5758285379380292,0.03069050524122614,15.758285379380288,0.01,0.12261704355478287
42,Double DQN,76,20.769425894452667,1.0135260454824424,1.0384712947226336,0.07998608332609902,10.384712947226333,0.01,0.1383192390203476
42,Double DQN,77,9.449550726698577,0.5332707023725585,0.47247753633492895,0.20032198844863877,4.7247753633492895,0.01,0.2107623815536499
42,Double DQN,78,36.04710659573911,1.6084722599668244,1.802355329786955,0.014210544511167609,18.023553297869558,0.01,0.06898798793554306
42,Double DQN,79,11.065337845834062,0.14113137865646647,0.553266892291703,0.18490739900906777,5.532668922917031,0.01,0.10068199038505554
42,Double DQN,80,17.646565680768624,0.2315700621770903,0.8823282840384312,0.1528402091102789,8.823282840384312,0.01,0.1489017754793167
42,Double DQN,81,2.728045828583022,0.5221619436983204,0.1364022914291511,0.35302687533094645,1.3640229142915108,0.01,0.2593178153038025
42,Double DQN,82,38.87267246524365,2.7618228924339165,1.9436336232621827,0.030470711449353642,19.436336232621827,0.01,0.3431262671947479
42,Double DQN,83,32.39010351039679,2.4527181668990177,1.6195051755198395,0.062158766073882654,16.195051755198396,0.01,0.24378183484077454
42,Double DQN,84,29.114871583387558,1.0908789835531658,1.455743579169378,0.04829227006980786,14.557435791693782,0.01,0.12003502994775772
42,Double DQN,85,54.11107416720404,2.517645295313687,2.7055537083602017,0.0026036335221698913,27.05553708360202,0.01,0.08776617050170898
42,Double DQN,86,20.450856158378727,1.3152988126164133,1.0225428079189363,0.082872566696466,10.225428079189365,0.01,0.1570408046245575
42,Double DQN,87,46.52180727731771,2.4497150713518767,2.3260903638658856,0.002665472695094041,23.26090363865886,0.01,0.08587567508220673
42,Double DQN,88,24.99415053997903,2.0369152045330368,1.2497075269989515,0.06820327677736382,12.497075269989516,0.01,0.12651939690113068
42,Double DQN,89,38.23324215397882,1.952684405496547,1.911662107698941,0.01661083360094515,19.116621076989407,0.01,0.10952411592006683
42,Double DQN,90,58.209532300534505,2.9129480969738695,2.9104766150267247,0.00017946750187183244,29.104766150267245,0.01,0.12466225028038025
42,Double DQN,91,32.65425220570104,1.1831543744507274,1.632712610285052,0.021874436846538257,16.327126102850517,0.01,0.11234274506568909
42,Double DQN,92,26.544534772532142,1.6841685464040532,1.3272267386266072,0.04444173412716701,13.272267386266071,0.01,0.1684998720884323
42,Double DQN,93,28.460202704894087,0.6572747702734,1.4230101352447044,0.04912833550075989,14.230101352447042,0.01,0.27159497141838074
42,Double DQN,94,13.807416302990745,0.5942632995566797,0.6903708151495372,0.16230105226687921,6.903708151495371,0.01,0.24086305499076843
42,Double DQN,95,41.25759152906844,2.0274513707598576,2.062879576453422,0.006652310889072049,20.628795764534217,0.01,0.20970329642295837
42,Double DQN,96,26.211533494488435,1.0298560072652634,1.3105766747244216,0.048678467482609546,13.105766747244218,0.01,0.150188609957695
42,Double DQN,97,13.213835326309265,1.3001522593205241,0.6606917663154632,0.15871145296426542,6.606917663154633,0.01,0.173457533121109
42,Double DQN,98,48.807094313127045,2.0585006815732156,2.440354715656352,0.0017868357745998566,24.40354715656352,0.01,0.0661066472530365
42,Double DQN,99,47.36131954424738,2.3759590711122196,2.368065977212369,0.002408525160353936,23.680659772123693,0.01,0.1824301779270172
42,Double DQN,100,37.022070858117964,1.0553541792377452,1.8511035429058982,0.026034083086122477,18.511035429058982,0.01,0.08716040849685669
42,Dueling DQN,1,33.26325796448376,0.9429768121703935,1.6631628982241882,0.09000188036130652,16.631628982241885,1.0,
42,Dueling DQN,2,27.91135848764639,1.1292839864131574,1.3955679243823196,0.07484338208353505,13.955679243823194,0.9558895783575597,1.0771597623825073
42,Dueling DQN,3,26.984708356687687,1.5822268444975227,1.3492354178343844,0.10220072598033296,13.492354178343842,0.8647077305675338,0.7810066938400269
42,Dueling DQN,4,30.56534483227083,0.8220600693985152,1.5282672416135417,0.07071869350038848,15.282672416135416,0.7822236754458713,0.5022169351577759
42,Dueling DQN,5,31.619972903327316,1.1988570521384136,1.580998645166366,0.0433705987653674,15.809986451663661,0.7076077347272662,0.31588608026504517
42,Dueling DQN,6,42.22276126246207,2.6014665355370816,2.1111380631231036,0.011905340207992245,21.111380631231043,0.6401093727576664,0.30142053961753845
42,Dueling DQN,7,36.41483895668582,2.3137486735555464,1.820741947834291,0.04314397633137888,18.207419478342914,0.5790496471185967,0.2256471961736679
42,Dueling DQN,8,36.539561269208406,1.866527735769103,1.8269780634604202,0.029771224453604427,18.269780634604196,0.5238143793828016,0.22763608396053314
42,Dueling DQN,9,38.541029192966775,0.864853837154876,1.9270514596483388,0.020988825949762098,19.270514596483387,0.4738479773082268,0.1657339483499527
42,Dueling DQN,10,37.561071485710876,2.936475610061742,1.8780535742855438,0.03747801633080497,18.780535742855438,0.4286478463299511,0.18931566178798676
42,Dueling DQN,11,3.453494127920615,0.09388755240988814,0.17267470639603075,0.366897104164642,1.7267470639603075,0.3877593341372176,0.2118808627128601
42,Dueling DQN,12,36.4569262007978,1.9968872087633678,1.8228463100398904,0.017619116537202054,18.2284631003989,0.3507711574848344,0.4901929497718811
42,Dueling DQN,13,36.824637625393635,2.1939924312958676,1.8412318812696817,0.027889470518560222,18.412318812696817,0.3173112652388396,0.3900552988052368
42,Dueling DQN,14,24.378957343171788,0.27503408735886603,1.2189478671585892,0.09179674902781995,12.189478671585892,0.28704309604425327,0.1829589456319809
42,Dueling DQN,15,17.927857365299715,0.8420226969297644,0.8963928682649858,0.14663378518719658,8.96392868264986,0.25966219297210513,0.2703067660331726
42,Dueling DQN,16,35.48769129418036,2.186408061841022,1.774384564709018,0.042837331534375876,17.74384564709018,0.23489314109365644,0.13232941925525665
42,Dueling DQN,17,39.23137490812911,2.0919717696493327,1.9615687454064559,0.012467162531229033,19.61568745406456,0.21248679717794605,0.16379640996456146
42,Dueling DQN,18,37.66923905799821,1.6626677408828965,1.8834619528999101,0.02736352668423796,18.834619528999106,0.192217783647157,0.16969139873981476
42,Dueling DQN,19,26.464025142808392,1.3633764050817332,1.3232012571404197,0.06796092446220135,13.232012571404194,0.17388222158237718,0.20038887858390808
42,Dueling DQN,20,12.512156986549211,0.2615033025289274,0.6256078493274605,0.19829144690454675,6.256078493274605,0.1572956799768517,0.1321566104888916
42,Dueling DQN,21,54.97056827442401,3.159529519401483,2.7485284137212007,0.01625810768966388,27.485284137212005,0.14229132060898236,0.14817875623703003
42,Dueling DQN,22,35.62588820268357,2.189185383722218,1.7812944101341786,0.017864755705831882,17.81294410134178,0.12871821987500112,0.40809541940689087
42,Dueling DQN,23,53.03961526012843,2.5104879834352722,2.6519807630064216,0.009647234748679038,26.519807630064214,0.11643985070121858,0.1895701140165329
42,Dueling DQN,24,8.470443067828358,0.21325130404012532,0.42352215339141785,0.2599215478608595,4.235221533914179,0.10533270926593409,0.14282681047916412
42,Dueling DQN,25,38.849363645487706,1.7569953613009561,1.9424681822743846,0.009253131505533307,19.424681822743842,0.09528507271768329,0.17309202253818512
42,Dueling DQN,26,47.704638742289696,2.589568641518448,2.385231937114485,0.009536288792222103,23.852319371144848,0.08619587539414532,0.04513327777385712
42,Dueling DQN,27,43.72843268701544,2.3016888933477992,2.186421634350772,0.005587298514898039,21.864216343507724,0.07797369223798889,0.0796051174402237
42,Dueling DQN,28,32.56631629651407,1.7409207668044648,1.6283158148257033,0.029742416841460402,16.283158148257034,0.07053581918419231,0.16361644864082336
42,Dueling DQN,29,9.904901259283475,0.2638345244722245,0.49524506296417387,0.2082790112421415,4.9524506296417385,0.06380744126877576,0.06341593712568283
42,Dueling DQN,30,46.62460142201374,2.5721031156948557,2.331230071100687,0.014142433477940013,23.312300711006873,0.05772088009124167,0.14448392391204834
42,Dueling DQN,31,22.390616586191523,1.59992205821629,1.1195308293095763,0.08237931244845108,11.19530829309576,0.052214913061211746,0.03991541638970375
42,Dueling DQN,32,44.54398428337109,1.86181156592564,2.2271992141685546,0.015558770029668859,22.271992141685544,0.047234157581800176,0.18732646107673645
42,Dueling DQN,33,42.013148782970426,2.217750940563284,2.1006574391485215,0.00689143292311319,21.006574391485216,0.04272851397543923,0.13530856370925903
42,Dueling DQN,34,42.813721515467776,2.204164949928824,2.1406860757733894,0.00577316660196132,21.40686075773389,0.0386526615487428,0.0842319205403328
42,Dueling DQN,35,9.45748854412146,0.38761005344164445,0.47287442720607303,0.2117434285367726,4.72874427206073,0.03496560272750046,0.16159649193286896
42,Dueling DQN,36,46.74914072577421,2.0394176352724322,2.33745703628871,0.030832150171852764,23.374570362887095,0.03163025067641567,0.10961945354938507
42,Dueling DQN,37,19.037016356606703,0.7693804627917037,0.9518508178303353,0.09537815411867713,9.518508178303351,0.02861305625559891,0.0678274929523468
42,Dueling DQN,38,33.69089174132327,1.4261609899879244,1.684544587066164,0.01984151092114481,16.84544587066164,0.025883670561501974,0.06094183772802353
42,Dueling DQN,39,61.40459111911842,3.0921039074639025,3.070229555955921,6.146905695806696e-05,30.702295559559207,0.023414639657910272,0.09926849603652954
42,Dueling DQN,40,37.28470143000198,2.5804324535678713,1.8642350715000986,0.012142194930380356,18.642350715000987,0.021181128426399323,0.1734507828950882
42,Dueling DQN,41,44.43878933040691,2.0590961909624563,2.221939466520346,0.004093723201082884,22.219394665203453,0.019160670758563442,0.12731865048408508
42,Dueling DQN,42,34.10610799833422,2.0443577221782343,1.7053053999167105,0.034529634486714554,17.0530539991671,0.017332943577287888,0.15609760582447052
42,Dueling DQN,43,18.84293951757176,0.824868342597573,0.9421469758785881,0.0915176708196492,9.42146975878588,0.01567956241402325,0.13754557073116302
42,Dueling DQN,44,31.927158651480692,1.5125633724860355,1.5963579325740345,0.024488755032599778,15.963579325740344,0.014183896485845416,0.08578263223171234
42,Dueling DQN,45,56.855615640025924,3.100051659043066,2.842780782001296,0.0002659914404873835,28.42780782001296,0.01283090141222608,0.11338397115468979
42,Dueling DQN,46,55.19751490097149,2.6209250517407807,2.759875745048574,0.0003716507698778846,27.59875745048574,0.011606967888870102,0.09725253283977509
42,Dueling DQN,47,12.990087124888708,0.486410056757995,0.6495043562444354,0.14647937597518734,6.495043562444353,0.010499784796482848,0.09610654413700104
42,Dueling DQN,48,24.938845366557263,1.6834583869312127,1.2469422683278633,0.0608080334901823,12.469422683278633,0.01,0.14103162288665771
42,Dueling DQN,49,28.3966317567182,1.918607195979125,1.41983158783591,0.061818120261843676,14.198315878359102,0.01,0.11844628304243088
42,Dueling DQN,50,10.94367427628323,0.37459154886858564,0.5471837138141616,0.17243774610953858,5.471837138141617,0.01,0.07592722773551941
42,Dueling DQN,51,15.621568016013605,1.113748324979707,0.7810784008006803,0.11888643209292371,7.810784008006803,0.01,0.08500064164400101
42,Dueling DQN,52,23.75512078074278,0.9225094913059875,1.1877560390371389,0.06600047326043057,11.87756039037139,0.01,0.14683930575847626
42,Dueling DQN,53,40.781571336387955,2.036526722077369,2.0390785668193976,0.008326131791562785,20.390785668193978,0.01,0.050082698464393616
42,Dueling DQN,54,58.17824737904407,3.023247411230003,2.908912368952204,0.0001888724916948756,29.089123689522033,0.01,0.0772799700498581
42,Dueling DQN,55,44.478768679312516,2.1318808088042402,2.2239384339656256,0.007324521719723342,22.239384339656254,0.01,0.08026323467493057
42,Dueling DQN,56,43.68877778942426,2.3929786462440537,2.184438889471213,0.005137605943988202,21.844388894712132,0.01,0.152599036693573
42,Dueling DQN,57,52.08623468132192,2.1878064215735042,2.6043117340660964,0.0010134599216155883,26.043117340660963,0.01,0.06520289927721024
42,Dueling DQN,58,33.091318545658496,2.0607647878142306,1.6545659272829247,0.027386617624755832,16.54565927282925,0.01,0.05369854345917702
42,Dueling DQN,59,39.657106397154436,2.4785820232336553,1.9828553198577215,0.009960055664245281,19.828553198577218,0.01,0.08600259572267532
42,Dueling DQN,60,32.42386704348835,1.4751105429053253,1.6211933521744175,0.03082212105572829,16.21193352174418,0.01,0.08185704052448273
42,Dueling DQN,61,48.680947064715106,1.0676676938179288,2.4340473532357554,0.014643731409899607,24.340473532357553,0.01,0.07529885321855545
42,Dueling DQN,62,34.108659546861084,2.01712600960326,1.705432977343054,0.02636588856263123,17.054329773430545,0.01,0.14410005509853363
42,Dueling DQN,63,47.59109052102584,2.377429848715144,2.379554526051292,0.01664966531347909,23.795545260512924,0.01,0.11802537739276886
42,Dueling DQN,64,37.34496057858552,0.5322140004321029,1.867248028929276,0.026027680285320327,18.672480289292764,0.01,0.09341438114643097
42,Dueling DQN,65,53.35618330250867,2.804269025611203,2.667809165125433,0.0005750984665511718,26.678091651254334,0.01,0.10969352722167969
42,Dueling DQN,66,21.57832399845833,1.307302524468012,1.0789161999229164,0.06939601609413136,10.789161999229163,0.01,0.061694107949733734
42,Dueling DQN,67,44.097506122429316,2.1141964999255,2.204875306121466,0.007936504422064217,22.048753061214658,0.01,0.12605541944503784
42,Dueling DQN,68,40.90332480405411,2.5100394077850057,2.045166240202705,0.024412002086434476,20.45166240202705,0.01,0.051088254898786545
42,Dueling DQN,69,50.89414943087051,2.420995071666982,2.544707471543526,0.0016941012070169417,25.447074715435253,0.01,0.07788526266813278
42,Dueling DQN,70,44.951371272635626,2.1695717257519016,2.2475685636317815,0.0032136845091946175,22.475685636317813,0.01,0.08445596694946289
42,Dueling DQN,71,56.112147277113905,2.7779928245090373,2.805607363855695,0.0002835980722026443,28.05607363855695,0.01,0.11436843127012253
42,Dueling DQN,72,47.708582669237515,2.2994193229173154,2.385429133461876,0.0021733909802187207,23.854291334618765,0.01,0.25266268849372864
42,Dueling DQN,73,16.83688767205617,0.844915976761025,0.8418443836028086,0.10569053527903308,8.418443836028086,0.01,0.10060706734657288
42,Dueling DQN,74,55.95828837201178,2.863275463473804,2.7979144186005884,0.00029041754708705427,27.979144186005886,0.01,0.06860015541315079
42,Dueling DQN,75,29.504977596848846,1.5917469894965754,1.4752488798424424,0.03781751697189352,14.75248879842442,0.01,0.1529066115617752
42,Dueling DQN,76,51.334809187705496,2.892414538125242,2.5667404593852745,0.012851391801608231,25.667404593852744,0.01,0.11953362077474594
42,Dueling DQN,77,30.61400182717211,1.2630048377893588,1.5307000913586055,0.04018221053612896,15.307000913586057,0.01,0.13686048984527588
42,Dueling DQN,78,36.04710659573911,1.6084722599668244,1.802355329786955,0.014210544511167609,18.023553297869558,0.01,0.03364187106490135
42,Dueling DQN,79,46.8388741219848,2.1249005218553916,2.34194370609924,0.003359324809708774,23.4194370609924,0.01,0.07215326279401779
42,Dueling DQN,80,30.540968479442803,2.4056757019185313,1.5270484239721402,0.04742578393721658,15.270484239721402,0.01,0.1035376638174057
42,Dueling DQN,81,46.61974223138697,2.5437410904529116,2.330987111569349,0.0027475610206123178,23.30987111569349,0.01,0.06141049042344093
42,Dueling DQN,82,47.53963602541012,2.8031448261243104,2.3769818012705057,0.002675196213931151,23.769818012705063,0.01,0.4462748169898987
42,Dueling DQN,83,37.1695422845243,2.0590511091000523,1.8584771142262149,0.030667097945845333,18.584771142262145,0.01,0.10672331601381302
42,Dueling DQN,84,38.96560035750648,1.6878550486905148,1.9482800178753241,0.009853230148836118,19.48280017875324,0.01,0.12810103595256805
42,Dueling DQN,85,54.11107416720404,2.517645295313687,2.7055537083602017,0.0026036335221698913,27.05553708360202,0.01,0.05042034760117531
42,Dueling DQN,86,22.53421042196156,1.3152988126164133,1.1267105210980781,0.0666468798868685,11.267105210980782,0.01,0.10547350347042084
42,Dueling DQN,87,39.65875819778703,2.4497150713518767,1.9829379098893516,0.023739541274393507,19.82937909889352,0.01,0.16685110330581665
42,Dueling DQN,88,40.091711526201514,2.0369152045330368,2.0045855763100757,0.007553878836297599,20.045855763100754,0.01,0.07325334846973419
42,Dueling DQN,89,44.190412186833164,2.687806295069062,2.2095206093416584,0.010994849547186552,22.095206093416582,0.01,0.055442243814468384
42,Dueling DQN,90,19.780885978173824,0.7570427679904154,0.9890442989086912,0.09336547432087607,9.89044298908691,0.01,0.17922647297382355
42,Dueling DQN,91,49.01207040109456,2.1488303256897385,2.4506035200547283,0.0015013956049316146,24.50603520054728,0.01,0.07441208511590958
42,Dueling DQN,92,34.38868636344615,1.6841685464040532,1.7194343181723073,0.022777623410703635,17.194343181723077,0.01,0.2687070965766907
42,Dueling DQN,93,42.77587475540076,2.929633325755806,2.138793737770038,0.03530505080384157,21.387937377700375,0.01,0.10966557264328003
42,Dueling DQN,94,20.44105615727639,2.87519977376598,1.0220528078638194,0.11460234393577214,10.220528078638193,0.01,0.13418401777744293
42,Dueling DQN,95,54.177376161306,2.0274513707598576,2.7088688080653,0.001431918340091726,27.088688080653004,0.01,0.09826387465000153
42,Dueling DQN,96,28.446555166471324,1.1459668827910086,1.4223277583235663,0.04044607713016799,14.223277583235665,0.01,0.16995547711849213
42,Dueling DQN,97,43.365589711732625,1.9897988725909088,2.1682794855866314,0.0076797828114583255,21.682794855866316,0.01,0.06832955032587051
42,Dueling DQN,98,48.807094313127045,2.0585006815732156,2.440354715656352,0.0017868357745998566,24.40354715656352,0.01,0.08415993303060532
42,Dueling DQN,99,41.01665957454638,2.3759590711122196,2.050832978727319,0.017608806748147195,20.508329787273194,0.01,0.0979861468076706
42,Dueling DQN,100,18.872209863368862,1.0553541792377452,0.9436104931684431,0.08818733004810292,9.43610493168443,0.01,0.11373794823884964
